AAU0151;COMERCIALES
ABC9690;COMERCIALES
BBI0792;COMERCIALES
G03256780;COMERCIALES
HBC7530;COMERCIALES
HBC7559;COMERCIALES
HCD0696;COMERCIALES
JAA2998;COMERCIALES
KAA1851;COMERCIALES
OCJ0556;COMERCIALES
PAA8466;COMERCIALES
PAA9970;COMERCIALES
PAB2496;COMERCIALES
PAB3063;COMERCIALES
PAB3197;COMERCIALES
PAB3347;COMERCIALES
PAB5471;COMERCIALES
PAB7209;COMERCIALES
PAB8451;COMERCIALES
PAB9180;COMERCIALES
PAB9426;COMERCIALES
PAC3733;COMERCIALES
PAC4940;COMERCIALES
PAE1357;COMERCIALES
PBF9827;COMERCIALES
PBG2345;COMERCIALES
PBQ3357/520;COMERCIALES
PBQ5306;COMERCIALES
PBT5021/506;COMERCIALES
PBT6261;COMERCIALES
PBX1015;COMERCIALES
PCJ3364;COMERCIALES
PCL4141/549;COMERCIALES
PCQ3813;COMERCIALES
PCQ7823;COMERCIALES
PDP3741;COMERCIALES
PDQ5169;COMERCIALES
PDZ3397;COMERCIALES
PFF9896;COMERCIALES
PFG3535;COMERCIALES
PFH7077;COMERCIALES
PZN0632;COMERCIALES
TBF2031;COMERCIALES
TBK3045;COMERCIALES
XAA2391;COMERCIALES
PAE1820 (106/5077)..;INTRAEXPRESS
PAE1821 (99/5067)..;INTRAEXPRESS
PAE1822 (93/5058)..;INTRAEXPRESS
PAE1823 (91/5054)..;INTRAEXPRESS
PAE1824 (107/5079)..;INTRAEXPRESS
PAE1825 (108/5080)..;INTRAEXPRESS
PAE1826 (117/5091)..;INTRAEXPRESS
PAE1830 (103/5073)..;INTRAEXPRESS
PAE1832 (114/5087)..;INTRAEXPRESS
PAE1833 (113/5086)..;INTRAEXPRESS
PAE1835 (119/5093)..;INTRAEXPRESS
PAE1836 (102/5071)..;INTRAEXPRESS
PAE1843 (100/5068)..;INTRAEXPRESS
PAE1844 (105/5075)..;INTRAEXPRESS
PAE1845 (98/5065)..;INTRAEXPRESS
PAE3207 (111/5083)..;INTRAEXPRESS
PAE3208 (94/5059)..;INTRAEXPRESS
PAE3210 (118/5082)..;INTRAEXPRESS
PAE3234 (101/5072)..;INTRAEXPRESS
PAE3268 (115/5088)..;INTRAEXPRESS
PAE3319 (112/5085)..;INTRAEXPRESS
PAE3320 (90/5052)..;INTRAEXPRESS
PAE3346 (97/5064)..;INTRAEXPRESS
PAB3605 (08/8201);KINARA
PAB5294 (01/8208);KINARA
PAB5684 (14/3720);KINARA
PAC8795 (05/8209);KINARA
PAC8913 (04/8207);KINARA
PAC8964 (07/8202);KINARA
PAC9696 (13/3819);KINARA
PAC9697 (03/8203);KINARA
PAC9698 (10/3821);KINARA
PAC9699 (06/8206);KINARA
PAC9700 (09/8205);KINARA
PAC9701 (11/3818);KINARA
PAC9702 (12/3820);KINARA
PAC9998 (02/8204);KINARA
JAA1099 (23/1098);NACIONAL
PAA4857 (19/1106);NACIONAL
PAB0095 (30/1111);NACIONAL
PAB0733 (32/1075);NACIONAL
PAB1246 (03/1285);NACIONAL
PAB7355 (60/1109);NACIONAL
PAC2079 (35/1116);NACIONAL
PAC2168 (02/1072);NACIONAL
PAC2509 (24/1078);NACIONAL
PAC3108 (01/1082);NACIONAL
PAC3154 (11/1108);NACIONAL
PAC3343 (47/1104);NACIONAL
PAC3506 (76/1115);NACIONAL
PAC3507 (22/1074);NACIONAL
PAC4179 (12/1102);NACIONAL
PAC5235 (67/1093);NACIONAL
PAC5969 (56/1076);NACIONAL
PAC6120 (54/1077);NACIONAL
PAC8303 (51/1084);NACIONAL
PAU0059 (18/1087);NACIONAL
PAU0118 (84/1079);NACIONAL
PUA0453 (87/1107);NACIONAL
PUA0544 (39/1095);NACIONAL
PUB0233 (57/1089);NACIONAL
PUB0347 (31/1083);NACIONAL
PUB0908 (36/1081);NACIONAL
PUC0800 (50/1071);NACIONAL
PUD0216 (27/1099);NACIONAL
PUG0157 (09/1097);NACIONAL
PUG0707 (59/1090);NACIONAL
PUH0211 (62/1100);NACIONAL
PUJ0590 (08/1112);NACIONAL
PZO0079 (65/1101);NACIONAL
PZO0395 (20/1118);NACIONAL
PZU0526 (15/1110);NACIONAL
TAA1131 (80/1103);NACIONAL
ACG0794;PASAJEROS
JR322A;PASAJEROS
PBC8527;PASAJEROS
PBL3301;PASAJEROS
PBN4615;PASAJEROS
PCG7987;PASAJEROS
PCJ4338;PASAJEROS
PCK5943;PASAJEROS
PCN3186;PASAJEROS
PCW3287;PASAJEROS
PDB8953;PASAJEROS
PDD6849;PASAJEROS
PDF4728;PASAJEROS
PDF6869;PASAJEROS
PDH3343;PASAJEROS
PDR6809;PASAJEROS
PDS6303;PASAJEROS
PDS9298;PASAJEROS
PDT4371;PASAJEROS
PDT8711;PASAJEROS
PDU6192;PASAJEROS
PFD3893;PASAJEROS
PFF7098;PASAJEROS
PFM7309;PASAJEROS
CAMARA_HOWEN;PRECISOGPS
JS476T;PRECISOGPS
JV080Y;PRECISOGPS
LBN0264;PRECISOGPS
PDZ7990;PRECISOGPS
PAA9219 (43/1759);QUITUMBE
PAA9744 (14/1783);QUITUMBE
PAB3632 (56/1779);QUITUMBE
PAB3807 (51/1763);QUITUMBE
PAB3928 (32/1737);QUITUMBE
PAB4539 (38/1761);QUITUMBE
PAB5190 (13/1738);QUITUMBE
PAB5486 (54/1770);QUITUMBE
PAB5634 (17/1780);QUITUMBE
PAB5678 (08/1748);QUITUMBE
PAB6001 (66/1753);QUITUMBE
PAB6084 (30/1795);QUITUMBE
PAB6144 (06/1736);QUITUMBE
PAB6478 (53/1765);QUITUMBE
PAB6922 (40/1790);QUITUMBE
PAB7100 (48/1781);QUITUMBE
PAB9375 (05/1782);QUITUMBE
PAB9473 (20/1745);QUITUMBE
PAC1422 (60/1739);QUITUMBE
PAC3082 (45/1792);QUITUMBE
PAC3086 (55/1747);QUITUMBE
PAC3139 (29/1756);QUITUMBE
PAC3216 (70/0951);QUITUMBE
PAC3348 (31/1791);QUITUMBE
PAC3377 (34/1767);QUITUMBE
PAC3381 (22/1793);QUITUMBE
PAC3514 (59/1752);QUITUMBE
PAC3515 (26/1754);QUITUMBE
PAC3528 (24/1773);QUITUMBE
PAC3617 (57/1741);QUITUMBE
PAC3618 (68/966);QUITUMBE
PAC3619 (35/1787);QUITUMBE
PAC3821 (01/1735);QUITUMBE
PAC4079 (10/1785);QUITUMBE
PAC4253 (37/1794);QUITUMBE
PAC4476 (61/1755);QUITUMBE
PAC4633 (69/0942);QUITUMBE
PAC4651 (39/1778);QUITUMBE
PAC4652 (33/1772);QUITUMBE
PAC4653 (23/1764);QUITUMBE
PAC4721 (16/1758);QUITUMBE
PAC4804 (52/1774);QUITUMBE
PAC5200 (41/1760);QUITUMBE
PAC5364 (42/0949);QUITUMBE
PAC5389 (28/1766);QUITUMBE
PAC5528 (27/1742);QUITUMBE
PAC5762 (71/0968);QUITUMBE
PAC6746 (50/1749);QUITUMBE
PAC7092 (04/1786);QUITUMBE
PAC7825 (67/0947);QUITUMBE
PAC7899 (21/1771);QUITUMBE
PAC8112 (02/1789);QUITUMBE
PAC8235 (58/1740);QUITUMBE
PAC8844 (36/1743);QUITUMBE
PAC9321 (47/1777);QUITUMBE
PAC9894 (65/0953);QUITUMBE
PAE1831(64/0945);QUITUMBE
PAE2154 (46/1744);QUITUMBE
PAE3061 (11/1788);QUITUMBE
PAE3090 (18/1775);QUITUMBE
PAE3365 (15/1776);QUITUMBE
PAI0598 (12/1784);QUITUMBE
PUB0760 (63/0970);QUITUMBE
PUC0420 (44/1762);QUITUMBE
PUD0356 (25/1750);QUITUMBE
PUD0634 (07/1746);QUITUMBE
PUG0464 (19/1769);QUITUMBE
PUG0556 (03/1768);QUITUMBE
PUH0151 (09/1757);QUITUMBE
PUH0184 (49/1751);QUITUMBE
PUJ0179 (62/0960);QUITUMBE
PAB5401 (13/5113).;RUTVITRANSA
PAB5402 (08/5102).;RUTVITRANSA
PAB5433 (05/5098).;RUTVITRANSA
PAB5449 (12/5110).;RUTVITRANSA
PAB6543 (06/5099).;RUTVITRANSA
PAE1978 (15/5115).;RUTVITRANSA
PAE1981 (04/5097).;RUTVITRANSA
PAE1985 (16/5117).;RUTVITRANSA
PAE2005 (03/5096).;RUTVITRANSA
PAE2017 (14/5114).;RUTVITRANSA
PAE2032 (01/5094).;RUTVITRANSA
PAE2055 (07/5101).;RUTVITRANSA
PAE2183 (11/5109).;RUTVITRANSA
PAE3315 (02/5095).;RUTVITRANSA
PAE3345 (09/5107).;RUTVITRANSA
PAE3366 (10/5108).;RUTVITRANSA
GSR1339 (15/5136);SIRENA
PAB6540 (02/5135);SIRENA
PAB6576 (09/5118);SIRENA
PAB6579 (11/5129);SIRENA
PAB6644 (04/5120);SIRENA
PAB6660 (10/5122);SIRENA
PAB6661 (06/5128);SIRENA
PAB6662 (01/5141);SIRENA
PAB6765 (05/5127);SIRENA
PAB6766 (03/5132);SIRENA
PAB7032 (08/5124);SIRENA
PAE1785 (20/5140);SIRENA
PAE1786 (21/5142);SIRENA
PAE1787 (19/5134);SIRENA
PAE1807 (25/5119);SIRENA
PAE1808 (22/5137);SIRENA
PAE1809 (24/5123);SIRENA
PAE1812 (23/5125);SIRENA
PAE2082 (17/5133);SIRENA
PAE2083 (16/5126);SIRENA
PAE2085 (18/5121);SIRENA
PAE2087 (13/5131);SIRENA
PAE2091 (14/5138);SIRENA
PAE2093 (07/5130);SIRENA
PAE2094 (12/5139);SIRENA
PAB7040 (47/8020);SOTRANOR
PAC9874 (37/3823);SOTRANOR
ABC9690;TRANSCICOPET
GTI1238;TRANSCICOPET
PAB5946;TRANSCICOPET
PAB6528;TRANSCICOPET
PBL6153;TRANSCICOPET
PBT1089;TRANSCICOPET
PBX9303;TRANSCICOPET
PCC5687;TRANSCICOPET
PCL7967;TRANSCICOPET
PCS9017;TRANSCICOPET
PDD7635;TRANSCICOPET
PDN2238;TRANSCICOPET
QAA2110;TRANSCICOPET
PAB4904 (01/8101);TRANSFLORESTA
PAB5138 (05/8105);TRANSFLORESTA
PAB6589 (21/8018);TRANSFLORESTA
PAB7435 (08/8108);TRANSFLORESTA
PAB9582 (06/8106);TRANSFLORESTA
PAC4107 (19/8019);TRANSFLORESTA
PAC4971 (24/3706);TRANSFLORESTA
PAC5201 (11/8111);TRANSFLORESTA
PAC8625 (09/8109);TRANSFLORESTA
PAC8977 (13/8113);TRANSFLORESTA
PAC9712 (10/8110);TRANSFLORESTA
PAC9904 (12/8112);TRANSFLORESTA
PAC9952 (07/8107);TRANSFLORESTA
PAE2232 (03/8103);TRANSFLORESTA
T03249483 (04/0000);TRANSFLORESTA
TAA2812 (02/8102);TRANSFLORESTA
PAB4897 (53/5224);TRANSPERIFERICOS
PAB5235 (75/5246);TRANSPERIFERICOS
PAB5290 (18/5189);TRANSPERIFERICOS
PAB5303 (51/5222);TRANSPERIFERICOS
PAB5304 (13/5184);TRANSPERIFERICOS
PAB5317 (25/5196);TRANSPERIFERICOS
PAB5319 (55/5226);TRANSPERIFERICOS
PAB5322 (44/5215);TRANSPERIFERICOS
PAB5329 (87/5258);TRANSPERIFERICOS
PAB5331 (30/5201);TRANSPERIFERICOS
PAB5333 (66/5237);TRANSPERIFERICOS
PAB5337 (85/5256);TRANSPERIFERICOS
PAB5344 (06/5177);TRANSPERIFERICOS
PAB5350 (32/5203);TRANSPERIFERICOS
PAB5352 (71/5242);TRANSPERIFERICOS
PAB5354 (21/5192);TRANSPERIFERICOS
PAB5355 (56/5227);TRANSPERIFERICOS
PAB5365 (81/5252);TRANSPERIFERICOS
PAB5388 (49/5220);TRANSPERIFERICOS
PAB5389 (64/5235);TRANSPERIFERICOS
PAB5391 (61/5232);TRANSPERIFERICOS
PAB5392 (72/5243);TRANSPERIFERICOS
PAB5398 (73/5244);TRANSPERIFERICOS
PAB5403 (58/5229);TRANSPERIFERICOS
PAB5415 (02/5173);TRANSPERIFERICOS
PAB5418 (76/5247);TRANSPERIFERICOS
PAB5424 (68/5239);TRANSPERIFERICOS
PAB5425 (60/5231);TRANSPERIFERICOS
PAB5426 (82/5253);TRANSPERIFERICOS
PAB5428 (52/5223);TRANSPERIFERICOS
PAB5432 (01/5172);TRANSPERIFERICOS
PAB5434 (23/5194);TRANSPERIFERICOS
PAB5436 (45/5216);TRANSPERIFERICOS
PAB5437 (62/5233);TRANSPERIFERICOS
PAB5438 (79/5250);TRANSPERIFERICOS
PAB5439 (48/5219);TRANSPERIFERICOS
PAB5479 (65/5236);TRANSPERIFERICOS
PAB5481 (07/5178);TRANSPERIFERICOS
PAB5500 (86/5257);TRANSPERIFERICOS
PAB6506 (69/5240);TRANSPERIFERICOS
PAB6515 (12/5183);TRANSPERIFERICOS
PAB6532 (83/5254);TRANSPERIFERICOS
PAB6550 (28/5199);TRANSPERIFERICOS
PAB6554 (74/5245);TRANSPERIFERICOS
PAB6581 (39/5210);TRANSPERIFERICOS
PAB6591 (14/5185);TRANSPERIFERICOS
PAB6596 (33/5204);TRANSPERIFERICOS
PAB6611 (38/5209);TRANSPERIFERICOS
PAB6620 (43/5214);TRANSPERIFERICOS
PAB6646 (27/5198);TRANSPERIFERICOS
PAB6733 (03/5174);TRANSPERIFERICOS
PAB6734 (70/5241);TRANSPERIFERICOS
PAB6763 (41/5212);TRANSPERIFERICOS
PAB6769 (84/5255);TRANSPERIFERICOS
PAB6792 (80/5251);TRANSPERIFERICOS
PAB6795 (24/5195);TRANSPERIFERICOS
PAB6802 (78/5249);TRANSPERIFERICOS
PAB6806 (63/5234);TRANSPERIFERICOS
PAB6820 (47/5218);TRANSPERIFERICOS
PAB6830 (40/5211);TRANSPERIFERICOS
PAB6835 (20/5191);TRANSPERIFERICOS
PAB6847 (29/5200);TRANSPERIFERICOS
PAB6849 (77/5248);TRANSPERIFERICOS
PAB6888 (88/5259);TRANSPERIFERICOS
PAB6894 (67/5238);TRANSPERIFERICOS
PAB6936 (54/5225);TRANSPERIFERICOS
PAB7161 (50/5221);TRANSPERIFERICOS
PAB7214 (34/5205);TRANSPERIFERICOS
PAB7470 (46/5217);TRANSPERIFERICOS
PAE1846 (37/5208);TRANSPERIFERICOS
PAE3312 (92/5056);TRANSPERIFERICOS
PAE3342 (36/5207);TRANSPERIFERICOS
PAE3384 (42/5213);TRANSPERIFERICOS
PAA9435 (24/1238);TRANSPORSEL
PAA9491 (32/1251);TRANSPORSEL
PAB1797 (40/1266);TRANSPORSEL
PAB2049 (01/1197);TRANSPORSEL
PAB2397 (44/1225);TRANSPORSEL
PAB3785 (30/1249);TRANSPORSEL
PAB4203 (22/1235);TRANSPORSEL
PAB5288 (18/1226);TRANSPORSEL
PAB5604 (55/3861);TRANSPORSEL
PAB6874 (71/1257);TRANSPORSEL
PAB7402 (50/3724);TRANSPORSEL
PAB7664 (52/3857);TRANSPORSEL
PAB7671 (49/3855);TRANSPORSEL
PAB7677 (47/3854);TRANSPORSEL
PAB7698 (46/3856);TRANSPORSEL
PAB8566 (53/3860);TRANSPORSEL
PAB9949 (54/3858);TRANSPORSEL
PAB9962 (51/3859);TRANSPORSEL
PAC1338 (41/1232);TRANSPORSEL
PAC1406 (25/1241);TRANSPORSEL
PAC1534 (19/1230);TRANSPORSEL
PAC1574 (26/1242);TRANSPORSEL
PAC1587 (42/1215);TRANSPORSEL
PAC1589 (27/1245);TRANSPORSEL
PAC1817 (28/1246);TRANSPORSEL
PAC2224 (34/1254);TRANSPORSEL
PAC2396 (15/1220);TRANSPORSEL
PAC3003 (12/1214);TRANSPORSEL
PAC3032 (21/1234);TRANSPORSEL
PAC3244 (29/1247);TRANSPORSEL
PAC4347 (63/1259);TRANSPORSEL
PAC4897 (20/1231);TRANSPORSEL
PAC5861 (74/1255);TRANSPORSEL
PAC7047 (09/1243);TRANSPORSEL
PAC8674 (02/1198);TRANSPORSEL
PAC8851 (36/1261);TRANSPORSEL
PAC9203 (14/1219);TRANSPORSEL
PAE3337 (35/1256);TRANSPORSEL
PAU0028 (04/1200);TRANSPORSEL
PDB4811 (17/1224);TRANSPORSEL
PUC0240 (31/1250);TRANSPORSEL
PUC0953 (43/1271);TRANSPORSEL
PUD0365 (03/1199);TRANSPORSEL
PUD0379 (13/1217);TRANSPORSEL
PUD0568 (33/1253);TRANSPORSEL
PUD0921 (08/1208);TRANSPORSEL
PUG0505 (37/1263);TRANSPORSEL
PUH0160 (05/1201);TRANSPORSEL
PUH0174 (48/1258);TRANSPORSEL
PUH0331 (10/1209);TRANSPORSEL
PUH0885 (23/1236);TRANSPORSEL
PUJ0396 (39/1265);TRANSPORSEL
PUK0193 (38/1264);TRANSPORSEL
PZO0612 (06/1203);TRANSPORSEL
PZU0272 (11/1211);TRANSPORSEL
PZU0355 (16/1221);TRANSPORSEL
PZX0964 (07/1206);TRANSPORSEL
PAB3662 (23/3742);URBANQUITO
PAC9210 (18/2347);URBANQUITO
PAE1849 (14/2310);URBANQUITO
PAE1850 (15/2311);URBANQUITO
PAE1853 (17/2346);URBANQUITO
PAE1854 (16/2342);URBANQUITO
NODO HUAQUILLAS;XTRIM
NODO QUITO;XTRIM
